<application>
  <component name="BackendCodeEditorApplicationSettings">
    <option name="/Default/PatternsAndTemplates/LiveTemplates/Template/=26AEB2AC3D6873478D13DB545CEB30E6/Text/@EntryValue" value="for (size_t $INDEX$ = 0; $INDEX$ &lt; $MAX$; $INDEX$++) {&#10;  $SELECTION$$END$&#10;}" type="string" />
  </component>
  <component name="CodeInsightSettings">
    <option name="AUTO_POPUP_JAVADOC_INFO" value="true" />
  </component>
  <component name="InlineCompletionOnboarding">
    <option name="onboardingFinished" value="true" />
  </component>
  <component name="TodoConfiguration">
    <pattern pattern="\bNotImplementedException\b" />
    <pattern case-sensitive="true" pattern="(?&lt;=\W|^)(?&lt;TAG&gt;BUG:)(\W|$)(.*)" />
    <pattern pattern="(?&lt;=\W|^)(?&lt;TAG&gt;TODO)(\W|$)(.*)" />
  </component>
</application>