<application>
  <component name="ProjectManager">
    <defaultProject>
      <component name="PropertiesComponent">{
  &quot;keyToString&quot;: {
    &quot;settings.editor.selected.configurable&quot;: &quot;settings.sync&quot;
  }
}</component>
      <component name="WindowStateProjectService">
        <state x="702" y="282" width="424" height="516" key="FileChooserDialogImpl" timestamp="1753363568926">
          <screen x="0" y="0" width="1920" height="1040" />
        </state>
        <state x="702" y="282" width="424" height="516" key="FileChooserDialogImpl/0.0.1920.1040" timestamp="1753363568926" />
        <state x="355" y="142" width="1001" height="730" key="SettingsEditor" timestamp="1752980410149">
          <screen x="0" y="0" width="1920" height="1040" />
        </state>
        <state x="355" y="142" width="1001" height="730" key="SettingsEditor/0.0.1920.1040" timestamp="1752980410149" />
      </component>
    </defaultProject>
  </component>
</application>