<application>
  <component name="ProjectManager">
    <defaultProject>
      <component name="PropertiesComponent"><![CDATA[{
  "keyToString": {
    "settings.editor.selected.configurable": "settings.sync"
  }
}]]></component>
      <component name="VcsDirectoryMappings" defaultProject="true" />
      <component name="WindowStateProjectService">
        <state x="252" y="110" key="SettingsEditor" timestamp="1740582523911">
          <screen x="0" y="0" width="1560" height="992" />
        </state>
        <state x="252" y="110" key="SettingsEditor/0.0.1560.992" timestamp="1740582523911" />
      </component>
    </defaultProject>
  </component>
</application>