<application>
  <component name="Trusted.Paths">
    <option name="TRUSTED_PROJECT_PATHS">
      <map>
        <entry key="$USER_HOME$/Desktop/C++Test" value="true" />
        <entry key="$USER_HOME$/Desktop/CUDA-Test" value="true" />
        <entry key="$USER_HOME$/Desktop/RendererTest" value="true" />
        <entry key="$USER_HOME$/Desktop/VTK-Test" value="true" />
        <entry key="C:\Code\ArduinoTest" value="true" />
        <entry key="C:\Code\C++" value="true" />
        <entry key="C:\Code\C++Test" value="true" />
        <entry key="C:\Users\31696\Desktop\cuda_demo-main" value="true" />
        <entry key="C:\Users\Lenovo\Downloads\Compressed\CUDAClionStarterProject-master" value="true" />
        <entry key="D:\C-Test" value="true" />
        <entry key="D:\Code\C++Test" value="true" />
        <entry key="D:\Code\C-Test" value="true" />
        <entry key="D:\Code\Web" value="true" />
        <entry key="E:\Code\C-Test" value="true" />
        <entry key="E:\Code\CUDA-Test" value="true" />
        <entry key="F:\Code\C-Test" value="true" />
        <entry key="F:\Code\CUDA-Test" value="true" />
      </map>
    </option>
  </component>
  <component name="Trusted.Paths.Settings">
    <option name="TRUSTED_PATHS">
      <list>
        <option value="C:\Code" />
        <option value="$USER_HOME$/Desktop" />
      </list>
    </option>
  </component>
</application>